1,3257,xiaowuc1
2,3174,tckmn
3,2909,5space
4,2486,nthistle
5,2484,jonathanpaulson
6,2476,Antonio Molina
7,2404,dan-simon
8,2370,bluepichu
9,2285,leijurv
10,2241,boboquack
11,2226,hyper-neutrino
12,2198,D. Salgado
13,2092,Ian DeHaan
14,2046,Noble Mushtak
15,2034,Anish Singhani
16,1992,Oskar Haarklou Veileborg
17,1930,Oliver Ni
18,1874,Carl Schildkraut
19,1725,Lewin Gan
20,1691,Robert Xiao
21,1586,ruuddotorg
22,1567,mserrano
23,1525,Kevin Sheng
24,1520,Balint R
25,1507,Kroppeb
26,1503,Oleksandr Nikitin
27,1500,mrphlip
28,1492,Nathan Fenner
29,1481,nim-ka
30,1426,Egor Kulikov
31,1376,scanhex
32,1375,zacharybarbanell
33,1351,Adavya Goyal
34,1340,(anonymous user #1510407)
35,1330,Joseph Durie
36,1322,Vladislav Isenbaev
37,1299,Neal Wu
38,1275,Erik Amirell Ekl√∂f
39,1274,Lovemathboy H
40,1254,Yoshiap
41,1236,PCSwingle
42,1177,Ryan Hitchman
43,1171,Jan Verbeek
44,1167,LegionMammal978
45,1145,Davis Yoshida
46,1144,Ross Dempsey
47,1132,Thomas Neill
48,1101,Check out my blog!
49,1079,int-e
50,1071,Magnus Hokland Hegdahl
51,1065,Nicky Skybytskyi
52,1054,Sean Yawning
53,1051,Mathis Hammel
54,1034,glguy
55,1027,Gorane7
56,1025,@AlexSkidanov
57,1023,TimHuisman1703
58,1002,connorjayr
59,993,Nordine Lotfi
60,983,vstrimaitis
61,981,Verulean
62,976,Zack Lee
63,959,Jasper van Merle
64,950,Zeyu Chen
65,940,tenth
66,936,Ryan O‚ÄôHara
67,900,Daniel Yang
68,897,grhkm21
68,897,Thomas Feld
70,896,Anthony Li
71,888,mrkeldon
72,879,mangoqwq
73,870,Gabriel Wu
74,868,qpwoeirut
75,864,Epiphane
76,806,Jimmy M√•rdell
77,802,Craig Gidney
78,781,david-why
79,775,Justin Yokota
80,759,David Sharick
81,741,Kuma-TachiRen
82,732,msullivan
83,727,the-chenergy
84,723,phenomist
85,721,Shawn Hagler
86,720,evanphoward
86,720,SeptaCube
88,718,WutPu
89,713,Gregor Kikelj
90,708,Anango Prabhat
91,707,rhendric
92,699,bcc32
93,689,Alexander Haupt
94,687,M√•ns Magnusson
95,683,Xavier Rene Plourde
96,668,Vince7778
97,654,Liresol
98,651,Mercerenies
98,651,coolcomputery
100,643,Cody Carlsen
101,640,Tristan Sharma
102,639,–†–æ–º–∞–Ω –ö—É—Ä–º–∞–µ–≤
103,637,Etienne Vouga
104,632,Kye W. Shi
105,629,penteract
106,626,Pi-Hsun Shih
107,624,Dylan Smith
108,623,Kirby703
109,620,etotheipi1
110,619,Kevin Wang
111,618,Starwort
112,599,PoustouFlan
113,583,Dominick Han
114,576,jebouin
115,573,eagely
116,572,0e4ef622
117,568,Alexey Shmelev
118,567,Ahmed Siadomar
119,557,Also looking 4 an internship!
119,557,Patrick Hogg
121,552,Koen Oostveen
122,551,zach1502
123,541,eniraa
124,538,ZED.Charley William Thairo
125,536,S. Teikn Smith
126,531,Defelo
127,527,Brian Liu
128,526,Lief
129,513,Daniel Gu
129,513,thuustalu
131,507,DayDun
131,507,qwewqa
133,499,seligman99
134,489,shakespeare1564
135,486,tung491
136,478,Level 51
137,471,Aaron
137,471,yusent
139,470,(anonymous user #637942)
139,470,Timothy Mou
141,467,Carl Oscar Aaro
141,467,Jeffrey H.
143,465,Thomas
143,465,Clancy Woodburn
145,464,Robin Allen
146,463,milesman34
146,463,(anonymous user #3487639)
148,460,bradleysigma
149,457,(anonymous user #1759814)
150,455,ttalvitie
151,447,James Sorenson
152,446,Maarten Sijm
153,445,mdlu
154,444,Robert Pham
155,436,rak1507
156,435,Yiming Li
157,433,(anonymous user #1556836)
158,432,randomdude999
159,430,Proximity Trigger
159,430,abailey2020
161,426,Zack Chroman
162,425,Andrew X.
163,422,Parker Williams
164,420,Maks Verver
165,414,val tron
165,414,Louis Grennell
167,409,drysle
168,406,petertseng
169,404,Kevin Yap
170,400,andy-k
171,397,Kami Leon
172,395,Omkar Bhalerao
172,395,Brett Math
174,393,Tanner Hoke
175,392,Robert Usher
176,387,andriigrynenko
177,380,Jimmy Ding
178,379,Angelica Naguio
179,377,Andrew Macheret
180,376,Avi Swartz
181,375,mayoff
182,372,Lucas M.
183,368,nife
184,363,John Kesler
185,361,Jieruei Chang
186,355,Venkat Rao
187,348,Muhammad Rais Fathin Mudzakir
188,346,Pedro Os√≥rio
189,344,Mark Sturtevant
190,338,Brandon Young
190,338,mlucy
192,333,cefqrn
193,332,Joshua Wise
194,330,hltk
195,329,Nikitosh
195,329,Dmytro Soboliev
197,327,1234abcdcba4321
198,326,periodically-makes-puns
198,326,William Y. Feng
200,321,Nick Gavalas
201,318,(anonymous user #2001399)
201,318,horo
203,317,Kostero
204,315,aropan
205,314,andrewcarlotti
205,314,Joseph Malagon
207,313,Eldar Bogdanov
208,311,zhangjunyan2580
209,308,Bradley Louie
210,305,Martin ‚ÄúCifko‚Äù ≈†tefƒçek
211,301,TINA WANG - STUDENT
211,301,Jerry Z. Li
213,295,Filip Hlasek
214,294,Josef Mina≈ô√≠k
215,293,Nick
216,292,Marcus Vogel
217,291,Samuel Chen
217,291,qerhgqe67fwq8fqw867f
219,290,S√∏ren Fuglede J√∏rgensen
220,289,Michael Fogleman
221,288,jwseph
222,286,Max J√§ger
223,285,RootCubed
223,285,lutyj
225,283,Noeri Huisman
226,281,Max Nilsson
227,280,Golovanov399
227,280,–ú–∏—Ö–∞–∏–ª –ú–∏–Ω–∫–æ–≤
229,279,Thorvald Dox
230,277,Daniel Anker Hermansen
231,274,Corentin THOMASSET
231,274,Patrick Gu
233,273,LyricLy
234,270,fadaaszhi
235,268,(anonymous user #60233)
235,268,SeanRBurton
237,267,HiggstonRainbird
238,266,anominos
239,265,ericlovesmath
240,263,Peter Kuhar
240,263,vash3r
242,260,Mathijs Vogelzang
243,259,Tom Sirgedas
244,258,David K. Zhang
244,258,RWayne93
246,257,Cameron Aavik
247,256,Matthew Ramina
248,255,Rayson Su
249,253,(anonymous user #387166)
250,252,ulrikdem
251,250,Bahnschrift
252,248,@Dusknt
252,248,skanev
252,248,Jan Arne≈æ
255,244,Larry
256,243,Ethan C
257,242,Waffle
257,242,Jonas Haller
259,239,tbodt
259,239,TLSM
261,238,Ryan Dewey
262,233,Manish Kundu
262,233,Alex Liang
264,232,G√°bor Ferenc Kov√°cs
265,231,Enterprize1
265,231,(anonymous user #1565212)
265,231,(anonymous user #44119)
268,230,Jon Hartnett
269,228,RandomLB
270,227,phamtrongthang123
271,225,Herman
272,222,Coder Gautam
273,221,Geoffrey Kleinberg
274,218,Springo
275,213,ekimekim
276,212,almasip
277,210,Ivan Kazmenko
278,209,Ben
278,209,Tomas Rokicki
280,208,Olle Lapidus
281,206,Laurentiu Ionele
281,206,NovaSagittarii
283,204,(anonymous user #1047278)
283,204,Saujas Nandi
285,202,Rem Zhang
286,201,Lau Xin Wei
286,201,Giacomo Stevanato
286,201,Albert Tam
286,201,UnrelatedString
286,201,kcaze
286,201,Toni Fadjukoff
292,199,(anonymous user #3428581)
293,197,klange
293,197,Drew Boyuka
295,195,PDDG Glaser
296,193,Colton Pauderis
296,193,mtll
298,190,(anonymous user #2698856)
298,190,(anonymous user #672515)
300,189,Yik Chun Wong
300,189,Chun Yeung Wong
300,189,benmor20
303,187,tluo5458
304,186,Nifley
304,186,Cole Ellis
306,185,mwk48
307,184,Mihhail Novik
307,184,zvdy
307,184,superjarle
307,184,InvMtx
311,183,Dan Schafer
312,182,(anonymous user #975121)
312,182,RundownRhino
312,182,dllu
312,182,Eero V√§kiparta
316,181,Tom√°≈° Pavl√≠k
316,181,William Lin (tmwilliamlin168)
316,181,hakiobo
319,180,(anonymous user #1585166)
320,178,blu3r4y
321,176,swhitt
321,176,leonard-weininger
321,176,Lukas Gelbmann
321,176,Francisco Demartino
325,175,üåÅüöë
326,174,(anonymous user #1245728)
327,173,Xavier Cooney
327,173,Andrew Von Stieglitz
329,172,Xiongqi ZHANG
330,170,Jeffrey Fan
330,170,Elmer Le
332,169,E-M-Bailey
332,169,Harry Slatyer
334,168,JackMacWindows
335,166,Nathan Wang
335,166,tonghuikang
335,166,Karan Vijayakumar
335,166,(anonymous user #204385)
339,165,sopyb
339,165,James Satherley
339,165,K Zhang
339,165,Ryan Croucher
339,165,Dario Suƒçiƒá
344,164,Chi Feng
344,164,tirefire
344,164,Timothy Elling
347,163,XeroOl
348,161,jkseppan
348,161,joefarebrother
350,160,Nick Liu
350,160,yuizumi
352,159,Tobias Sargeant
353,158,Youssef El Zamzamy
354,157,quentinmit
354,157,(anonymous user #3623430)
354,157,Sneed's Feeduck and Seeduck
357,155,SourishS17
357,155,Murray Edwards
357,155,onionfarmerr
357,155,Samuel Huang
361,154,vitekmel
362,152,Matt√©o Delabre
363,151,paladin8
363,151,Hafnium780
365,150,Vitalii Nevidomyi
365,150,Arib Chowdhury
367,149,tmiddlet
367,149,teekaytai
367,149,kalvdans
370,147,Sobhan Mohammadpour
370,147,Dragon-Hatcher
370,147,b-paul
370,147,sagarbrathod1
374,146,teidesu
374,146,Joel Gibson
374,146,leifmetcalf
377,145,Andrew Badr
377,145,Paul Draper
377,145,Robert Nies
377,145,kermitnirmit
381,144,ast-ral
381,144,Yan Kang Lee
381,144,the-glu
384,142,Evan Kwan
384,142,M. Penschuck
386,141,Hideyuki Tanaka
387,140,Justin Pombrio
388,139,ictrobot
388,139,Riley Borgard
388,139,Sofapuden
391,138,WYXkk
391,138,icicl
391,138,Adam Zalcman
394,137,Kevin Sun
395,136,Miriam Vellacott
395,136,Jo√£o Salavisa
395,136,PhoenixReaper
395,136,ThatRedox
399,134,Md Abedin
399,134,willwam
399,134,michaelzhan1
399,134,Sam Hindess
399,134,Shik Chen
399,134,N_z_
399,134,Reinier Schmiermann
399,134,VasilyDK
399,134,Martijn
399,134,dancarmoz
409,133,Paul McMullin
409,133,NBonaparte
409,133,Christian Cederquist
409,133,Ben Kogan
409,133,rocket3989
414,131,Alex Wice
414,131,Yulin Shen
416,130,Joel Jonsson
417,129,Austin
417,129,F2
417,129,Victor Chen
420,127,Matt Gruskin
420,127,meexwaal
420,127,psun256
423,126,chunkybanana
424,124,(anonymous user #2375057)
424,124,bunceandbean
424,124,carro
424,124,Dan Sanders
428,123,Tsu-Hao Liu
428,123,Jared Tan Rui Hoong
430,122,(anonymous user #2724128)
430,122,Martin Camacho
430,122,Craig Silverstein
430,122,Khanh Hiep Tran
430,122,most90
430,122,Srƒëan Tot
436,121,piman51277
437,120,thomasranieri
438,119,mebeim
438,119,Ben Zydney
438,119,Benedikt Werner
438,119,James Leung
442,118,alexirpan
443,117,Jeffrey Meng
444,116,startrekdude
444,116,AdamHe17
444,116,Radoslav Kirov
444,116,blaumeise20
444,116,wisewizardofthestars
444,116,umrak11
450,115,masecla22
450,115,zero
450,115,artheadsweden
453,114,jorendorff
454,113,ovs-code
454,113,thecatrine
456,112,Loren Troan
456,112,Allen Huang
456,112,cow-moo
456,112,xiej2520
456,112,Carl Sandrock
461,111,Noureldin
461,111,Renette Ros
463,110,Sreeram Ramachandran
463,110,lonerz
463,110,Lilian
463,110,epsalon
463,110,Yusuf Elsharawy
468,109,Redcrafter
469,108,Nathan Ye
470,107,Lawrence Kesteloot
470,107,Cameron Wu
472,106,Lenny S
472,106,icemoon97
472,106,danzou56
472,106,Jc
476,105,Josh Taylor
476,105,Erik Szalay
476,105,HertzDevil
476,105,a5a7
476,105,Aditya C
481,104,Taras Gritsenko
482,103,Hannah Rose
482,103,Mr Thimot√©
482,103,Du≈°an Miniƒá
482,103,(anonymous user #2584744)
482,103,dkesler
487,102,FillyAutomatic
487,102,Niklas Sand√©n
489,101,Tristan Rasmussen
490,100,(anonymous user #640116)
490,100,Paul Martinez
490,100,twright0
490,100,josephxwang
490,100,siraben
490,100,Hessel
496,99,Paul Zagieboylo
496,99,Alex Weil
498,98,noblematt
498,98,Josh Mandel
498,98,MelnCat
498,98,Peter Trebaticky
498,98,Peter Olson
498,98,Mihai Maruseac
504,97,Ian O'Donnell
504,97,Maxim Volkov
504,97,Marcus Oscarsson
504,97,Jacob Magnuson
508,95,Josh Leverette
508,95,Hunter Staiger
510,94,OroArmor
510,94,Ryan Leemans
510,94,SizableShrimp
513,93,Alvar Soome
513,93,Joseph Gleason
515,92,Edward Lue
515,92,oparkerj
517,91,sguest
517,91,Number Basher (Very Smart)
517,91,ColeTrammer
520,90,tesselslate
520,90,RobertDWhite
520,90,Adrian Smith
520,90,bcdean
520,90,Salomon Trujillo
520,90,Benjamin Chen
520,90,Patrick Fitzgerald
527,89,rotcar
528,88,(anonymous user #371225)
528,88,AmoleR
528,88,Sumudu Fernando
528,88,Pawe≈Ç Kubiak
528,88,uva14726173
533,87,Han Mertens
533,87,downvoid
535,86,Nikhil Vijai
535,86,Natanaelel
535,86,Daniel Ge
535,86,Olivier Le Floch
535,86,Florian Snow
540,85,Talchas
540,85,Zach Hacking
540,85,Wojciech Nadara
543,84,Michael Broughton
543,84,Ivan Lyzhin
543,84,Cameron
543,84,xivaxy
547,83,Carson Graham
547,83,djpohly
547,83,Alexander Fenster
547,83,Chris Rectenwald
547,83,solstice23
547,83,Guillaume Alleon
547,83,Karthik Karanth
554,82,LK
554,82,vekt0r-github
554,82,Qiqi Impact
554,82,Akari
558,81,Jake Williams
558,81,nick-hiebl
558,81,Thomas Kaldahl
558,81,AK1089
558,81,Isaac Good
558,81,vukonen
558,81,(anonymous user #1011488)
565,80,M1ngXU
565,80,Alex Wen
565,80,Kevin Guo
565,80,Alexandre Thiault
569,79,Michael Tardibuono
569,79,(anonymous user #203730)
569,79,Qwerasd
569,79,Bergschaf
569,79,awychong
574,78,gabekanegae
574,78,sampersand
574,78,Emil Kaczy≈Ñski
574,78,sr2echa
574,78,PenguinEncounter
579,77,Tristan Lee
579,77,jaspercb
579,77,democat3457
579,77,Mark Ladygo
579,77,Nathan Shirley
579,77,(anonymous user #198392)
579,77,bykem
579,77,vjeranc
579,77,Ken Gene Quah
579,77,Rich√°rd Moln√°r-Szipai
589,76,Ari Wachtel
589,76,Frunze Dzvakeryan
589,76,Paul Wild
589,76,(anonymous user #1350909)
589,76,Draco18s
589,76,Samo Kralj
589,76,prandla
589,76,Ayman Eltemmsahy
597,75,Ross Newman
597,75,csjh
597,75,Stevie-O
597,75,Arkadiusz Chmura
597,75,runarmod
597,75,vishal chauhan
603,74,Nicholas Tarsis
603,74,StarGazingHomies
603,74,Sans Cipher
603,74,glaukias
603,74,Greg Titus
603,74,chasehult
609,73,Gustav Kalander
609,73,nkitsaini
609,73,alexxyu
609,73,Andr√© Emery
613,72,abnew123
613,72,Gotheru
613,72,Thrythe
613,72,Julian Bruyat
617,71,poniponiponiponiponiponiponiponiponi
617,71,Tea Leka
617,71,Ghurfa
617,71,narpfel
617,71,Evgeniy Krasko
617,71,Theo Browne
623,70,chluebi
623,70,Kitchen_Choice_8786
623,70,Adalbert
623,70,(anonymous user #999046)
623,70,ObamaLover1281231312
623,70,Tautvydas ≈Ωilys
623,70,Egan Bosch
630,69,MeepMoop
630,69,dsemi
630,69,Nicholas Foo
630,69,Ethan
630,69,hades
635,68,Jonathan Ho
635,68,Aleksei Latyshev
635,68,1e1001
635,68,(anonymous user #1785483)
635,68,theadamabrams
640,67,Danny Lin
640,67,HoLLy
640,67,Aymeric Wibo
640,67,Ahmed Magri
644,66,Minh Nguyen Quang
644,66,SoodonymAlias
644,66,alexanderthiem
644,66,J Carr
648,65,BelgianSalamander
648,65,lewinski
648,65,CaptainSora
648,65,(anonymous user #251872)
648,65,Matthew Reeder
648,65,cuddli
648,65,llyyr
655,64,Michael Skyba
655,64,sorawit
655,64,Strikeeaglechase
655,64,Marcelo Fornet
655,64,Tony Jiang
655,64,Colin Stewart
655,64,proxima b
655,64,Yves77Yves
655,64,Robert Tupelo-Schneck
655,64,Sergey Ilyevsky
655,64,kapilgain
666,63,Cai Zhenzhi
666,63,duckyluuk
666,63,phoyh
666,63,Dan Adkins
670,62,BrooklynS
670,62,Eric Higgins
670,62,Jeroen Op de Beek
670,62,nfejes
670,62,Garrett Lyon
670,62,Christian Czekay
676,61,jdabtieu
676,61,Redstone_Flash
676,61,Tim Kt
676,61,Nikita Gaevoy
676,61,BendettaSD
681,60,Coby Tran
681,60,Calvin Godfrey
681,60,lxylxy123456
681,60,wincss
681,60,DottedCalculator
681,60,cmears
681,60,takeuchi-masaki
681,60,TrueBoxGuy
689,59,sndyx
689,59,(anonymous user #685930)
689,59,pt1243
689,59,Jessica Yuan
689,59,msc-27
694,58,Derek Dong
694,58,LiquidFun
696,57,Tim Black
696,57,RussellDash332
696,57,Ali Toosi
696,57,Michael Goldwasser
696,57,HalbFettKaese
696,57,Maxim Buzdalov
696,57,(anonymous user #2783989)
696,57,Dustin Ward
696,57,zilch40
696,57,imneme
706,56,Krish
706,56,Gymhgy
706,56,Nnnes
706,56,Maha Zainab
710,55,DLu
710,55,(anonymous user #1132516)
710,55,Avongard
710,55,(anonymous user #146689)
710,55,(anonymous user #2510185)
710,55,TheSuperGamer20578
710,55,targabor
717,54,Brian Bucklew
717,54,XHRogerCao
717,54,Forest Anderson
717,54,Rishi Vijay
717,54,Rayson Koh
722,53,(anonymous user #614991)
722,53,Jacob Wood
722,53,bruteforceboy
722,53,Rohan Jain
722,53,hchokshi
722,53,Dennis Tian
722,53,Nicolas Normand
722,53,Renske Idzenga
722,53,a-e-k
731,52,5joshi
731,52,Tobias-Glimmerfors
731,52,ephemient
731,52,Mantra Trambadia
731,52,Nico-Posada
731,52,comfyanonymous
737,51,Chao Zhang
737,51,Leo Uino
737,51,Jerry Xu
737,51,Finn
737,51,elu00
737,51,Shawn M Moore
737,51,(anonymous user #289486)
737,51,official-techsupport
737,51,Andy Magee
737,51,Alan Buriƒá
747,50,Aaron Fink
747,50,andrewhuang56
747,50,Amel Avdic
747,50,Bing-Dong Liu
747,50,iProgramInCpp
747,50,Zichen Zheng
747,50,sparkyb
747,50,daviklo
755,49,CAG2Mark
755,49,Rustam Musin
755,49,Sam Harrison
755,49,Jiacheng (Alan) Liang
755,49,(anonymous user #3813216)
760,48,Pontus Walck
760,48,Liwei Cai
760,48,Joe L.
760,48,Dawn Drain
760,48,Dmitry Ivanov
760,48,Shemetz
766,47,Abraham Guo
766,47,dkalak
766,47,JsonJ__
766,47,cadybaltz
766,47,Pavel Egorov
766,47,Mateusz Kopeƒá
772,46,Joshua Dunbrack
772,46,taesungh
772,46,Pradeep Mathias
772,46,Alexander Pfanne
772,46,Nik Sauer
777,45,mewnian
777,45,Tommy Vadakumchery
777,45,nwtnni
777,45,Joey Thaman
777,45,kajott
782,44,miriam-rittenberg
782,44,Badtz
782,44,nandhagk
782,44,Mile Druzijanic
782,44,Mike Marcelais
782,44,Can Berk G√ºder
782,44,Guillaume Brunerie
789,43,Casey Bolton
789,43,Matthew Boehm
789,43,sun-bachung
789,43,fmoeran
789,43,Ethan Tillison
794,42,Kevin Bienvenu
794,42,Luk√°≈° Folwarczn√Ω
794,42,(anonymous user #3415866)
794,42,Philipp Lenk
794,42,Ed Murphy
799,41,Lalsin Nilian
799,41,(anonymous user #3187566)
799,41,matthewd
799,41,andreas-hilti
803,40,Vinay Goel
803,40,ssieb
803,40,drougge
803,40,Charles Lien
803,40,KyleNo
803,40,Marcus Takvam Lexander
803,40,ykrukovsky
810,39,ezraft
810,39,Kelly Dance
810,39,CY Wong
810,39,Sese M√ºller
810,39,B√©la M√©rvad√≥
810,39,Willie Zhu
810,39,(anonymous user #27126)
810,39,cvooster
810,39,Clayton Smith
819,38,√ñzg√ºn √ñzusta
820,37,elnardu
820,37,otisdog8
820,37,Arthur Bright
820,37,bmachado1
820,37,ndimov
820,37,Sead Durakovic
820,37,Graham White
820,37,Maj Stenmark
820,37,anjhe18
820,37,aMarkSnyder
830,36,Enkhsanaa
830,36,IsabelleB75
830,36,Greg Zborovsky
830,36,MatthewB384
830,36,Sohom Sahaun
830,36,Alena Yadvichuk
830,36,viceroypenguin
830,36,Evan Jeffrey
830,36,Pakkapong Sricharoen
830,36,LarsvanDartel
840,35,Samuel Pasierb
840,35,CodingAP
840,35,Kateba
840,35,Esteban de la Canal
840,35,Minespeed1009 Gaming
840,35,factorio1234
840,35,sergey-senozhatsky
840,35,lamkashingpaul
848,34,whaatt
848,34,jenna8844
848,34,pvillano
848,34,Yuliy Pisetsky
848,34,Max Bowman
848,34,Yash-Singh1
848,34,alexd298
855,33,Ethan Luo
855,33,Lars Haulin
855,33,Alexandre Dewilde
855,33,Nate Paymer
855,33,Crowthebird
855,33,Thomas Tu
855,33,Connor Harris
855,33,jontmy
855,33,(anonymous user #2099322)
864,32,Nikhil Menon
864,32,sandbergjakob
864,32,CPlusMinus2000
864,32,Frode Johannesen
864,32,vincentwoo
864,32,(anonymous user #3623184)
870,31,bjebert
870,31,Roman Elizarov
870,31,kcmyang
870,31,Ahmed Ossama
870,31,Dawn Chen
870,31,Isaac Morgan
876,30,Jakub Kotrs
876,30,isnbh0
876,30,gemdude46
876,30,mahbubul hasan
876,30,tsreaper
876,30,James Pringle
876,30,Mehran Siddiqui
876,30,Hillo111
884,29,JLMadsen
884,29,kaveripriyap
884,29,eeuropium
884,29,SimpleArt
884,29,Leon Br√∂ckers
889,28,CarbonIce
889,28,harrison truscott
889,28,Bailey Butler
889,28,(anonymous user #1917058)
889,28,Daniel Breiner
889,28,Brian Zhou
889,28,ascharpegge
889,28,Sebastian Claici
897,27,Tyler Lemburg
897,27,Espiobest
897,27,(anonymous user #1213461)
897,27,Jeroen Bransen
897,27,Shashank Bhatt
897,27,Adsalor
897,27,Gleb Mazovetskiy
897,27,Andrew Nestor Garzon
905,26,Adam Hutchings
905,26,Sheler_
905,26,alchzh
905,26,Isaac Peterson
905,26,Shahan Mir
910,25,Mateus Sze Cosenza
910,25,Kendall Yu
910,25,Pervushin brothers
910,25,Luke Moran
910,25,Adam Gausmann
910,25,WildUtah
910,25,DevilSquirrel
910,25,Evgenus
918,24,Yabk
918,24,AlexJones0
918,24,Ben Taylor
918,24,DeadlyRedCube
918,24,AndersTornkvist
918,24,Henrik Ygge
924,23,Jordan Richards
924,23,ellellie
924,23,sblom
924,23,(anonymous user #393546)
924,23,Jack Iannamorelli
924,23,David Philipson
924,23,Kevin Gasperich
924,23,(anonymous user #289309)
924,23,Kai Burjack
924,23,Ola Nilsson
934,22,Chase Hadley
934,22,Olive Prichard
934,22,Vishnu Remesh
934,22,Gaurav Gosain
934,22,Dennis Hu
934,22,(anonymous user #2569289)
934,22,Vincent Schoonveld
941,21,kyleyarwood
941,21,Jason Feng
941,21,btrotta
941,21,jlallas384
941,21,xelf
941,21,Werner Altewischer
941,21,Icantknow
941,21,Gabriel Diaconita
949,20,chrwoods
949,20,tom-fibo
949,20,jamesjjx
949,20,meew0
949,20,mlevesquedion
949,20,R√≥bert B√°n
949,20,Rahul Gandharva
956,19,Thibaud Maurel
956,19,Patrick Coleman
956,19,Zayne Siew
956,19,ConsiderPhlebas
956,19,(anonymous user #1640821)
956,19,ENAILIS
956,19,aditsu
956,19,Shayne Holmes
956,19,rchalamala
965,18,Olivia Kaufman
965,18,Lionel Foxcroft
965,18,sportshead
965,18,Geoff Zheng
965,18,Wouter van Heyst
965,18,(anonymous user #3625196)
965,18,Ross MacArthur
972,17,Mark Wen
972,17,Sam Le
972,17,Rohan Wadhawan
972,17,aidangottlieb
972,17,Dmitry Yantsen
977,16,Sebastian Aigner
977,16,Daniel Cepeda
977,16,lbud
977,16,tpospisi
977,16,Arrowbounce
982,15,MikeXander
982,15,Isse
982,15,Chris Petit
982,15,Jacob Guglielmin
982,15,Turkhuu Batbayar
982,15,MLMANPT
982,15,Eagle Diao
982,15,Ferdinand Davidenko
982,15,Harry Zhang
982,15,Artuur-Oerlemans
982,15,Solra Bizna
982,15,sponege
982,15,mbel0
982,15,@iffify
996,14,Summata Notata
996,14,(anonymous user #2403605)
996,14,xiayuhuazhang
996,14,racsosabe
996,14,t-brieger
996,14,TXort
996,14,mokotturu
996,14,sudhackar
996,14,Steven McConomy
996,14,Frank Lin
996,14,Disnaming
1007,13,Timothy Gonzalez
1007,13,Jeff Zhang
1007,13,Jason Newman
1007,13,Patryk G
1007,13,Kai Si
1007,13,K√•re von Geijer
1007,13,Karan Bardhan
1007,13,Alexander Fu
1015,12,J√©r√©my Guillot
1015,12,flatypus
1015,12,Dan Katz
1015,12,Zach Farr
1015,12,(anonymous user #2038911)
1015,12,Emanuel S√§rnhammar
1015,12,Valokoodari
1022,11,lilweege
1022,11,Ryan Eaton
1022,11,denilblecodeur
1022,11,radoslav11
1022,11,Yves Delley
1022,11,S≈Çawek Biel
1022,11,Arthur Rudolph
1022,11,Fragger
1022,11,Justin Xu
1022,11,arichnad
1022,11,B00TK1D
1033,10,stristr
1033,10,yellowsubmarine1447
1033,10,drdilyor
1033,10,ilikecubesnstuff
1033,10,sschr15
1033,10,Dominika Javorov√°
1033,10,jzhe727
1033,10,Olivia Mackall
1033,10,Rascal_Two
1033,10,Vladyslav Burakov
1033,10,timreyn
1033,10,David Kuleniuk
1045,9,Elijah-Huang
1045,9,Samuel B
1045,9,elephantae
1045,9,Konstantin
1045,9,Radu Grigore
1045,9,Hugues Hoppe
1045,9,Riley
1045,9,RodrigoLlanes
1045,9,Gustav Gans
1045,9,Max Tsishkouski
1045,9,joshuaruegge
1045,9,Ivanidzo4ka
1045,9,Borut Levart
1058,8,cup2of2tea
1058,8,Sploder12
1058,8,gsou
1058,8,aaa a
1058,8,zeyonaut
1058,8,@liviuchircu
1058,8,jimscchen
1058,8,Iliya Yanev
1058,8,JYC
1058,8,Kaaden RumanCam
1058,8,Daniel Long
1058,8,Jonathan Price
1058,8,joosu77
1058,8,Th√©o Lecerf
1058,8,Thomas Lindae
1073,7,trigtbh
1073,7,Alex MF
1073,7,mvolfik
1073,7,Sagartoke510
1073,7,Saketh Reddy
1073,7,PotentialStyx
1073,7,L4Vo5
1080,6,Ben
1080,6,EIFY
1080,6,n1punp
1080,6,Stewart Wilcox
1080,6,Jean-No√´l Monette
1080,6,Oleg Godovykh
1080,6,Emmanuel Thom√©
1087,5,orfest
1087,5,Eric Wang
1087,5,Saji Kamdod
1087,5,Tam An Le Quang
1087,5,BradfordC
1087,5,kdvkrs
1087,5,pppery
1087,5,Pauline
1087,5,Lauri Kentt√§
1087,5,John Churchill
1097,4,jacobparish
1097,4,ilg
1097,4,John
1097,4,Teferi
1097,4,ishmeals
1097,4,Kacper Topolski
1097,4,Alex Steele
1097,4,(anonymous user #3336632)
1097,4,Andreas Bj√∂rklund
1097,4,Jason Henline
1097,4,Marko Gartnar
1108,3,ouwou
1108,3,Dmytro Kozhevin
1108,3,jakingy
1108,3,Kunal Chattopadhyay
1108,3,Noah Overcash
1108,3,parthsarin
1108,3,maguire-w-j
1115,2,Julian Baldus
1115,2,Luke-Sheltraw
1115,2,Sampriti Panda
1115,2,Bradon Zhang
1115,2,terrance-li
1115,2,Sandra van Schouwenburg
1115,2,Satya Anshu
1115,2,jonathan-lemos
1115,2,Jacob Smith (j_p_smith)
1115,2,(anonymous user #3708199)
1115,2,attempt0
1115,2,Chris Malone
1127,1,Joshua Broeksteeg
1127,1,Cameron Montag
1127,1,Alex Waese-Perlman
1127,1,matthewyu01
1127,1,Dan Roche
1127,1,Andrew Li
1127,1,zachs18
1127,1,spampacc
1127,1,stazarzxy
1127,1,Jon Eisen
1127,1,amri123
1127,1,fnuttplus
